{
  "info": {
    "name": "Nerdwork+ API",
    "description": "Complete API collection for Nerdwork+ platform",
    "version": "1.0.0",
    "schema": "https://schema.getpostman.com/json/collection/v2.1.0/collection.json"
  },
  "variable": [
    {
      "key": "baseUrl",
      "value": "https://rjk44eecli.execute-api.eu-west-1.amazonaws.com/dev",
      "type": "string"
    },
    {
      "key": "authToken",
      "value": "your_jwt_token_here",
      "type": "string"
    }
  ],
  "item": [
    {
      "name": "🔐 Auth Service",
      "item": [
        {
          "name": "Register User",
          "request": {
            "method": "POST",
            "header": [
              {
                "key": "Content-Type",
                "value": "application/json"
              }
            ],
            "body": {
              "mode": "raw",
              "raw": "{\n  \"email\": \"test@example.com\",\n  \"password\": \"password123\",\n  \"username\": \"testuser\",\n  \"fullName\": \"Test User\"\n}"
            },
            "url": {
              "raw": "{{baseUrl}}/auth/signup",
              "host": [
                "{{baseUrl}}"
              ],
              "path": [
                "auth",
                "signup"
              ]
            }
          }
        },
        {
          "name": "Login User",
          "request": {
            "method": "POST",
            "header": [
              {
                "key": "Content-Type",
                "value": "application/json"
              }
            ],
            "body": {
              "mode": "raw",
              "raw": "{\n  \"email\": \"test@example.com\",\n  \"password\": \"password123\"\n}"
            },
            "url": {
              "raw": "{{baseUrl}}/auth/login",
              "host": [
                "{{baseUrl}}"
              ],
              "path": [
                "auth",
                "login"
              ]
            }
          }
        },
        {
          "name": "Get Current User",
          "request": {
            "method": "GET",
            "header": [
              {
                "key": "Authorization",
                "value": "Bearer {{authToken}}"
              }
            ],
            "url": {
              "raw": "{{baseUrl}}/auth/me",
              "host": [
                "{{baseUrl}}"
              ],
              "path": [
                "auth",
                "me"
              ]
            }
          }
        }
      ]
    },
    {
      "name": "💰 Wallet Service",
      "item": [
        {
          "name": "Get Wallet",
          "request": {
            "method": "GET",
            "header": [
              {
                "key": "Authorization",
                "value": "Bearer {{authToken}}"
              }
            ],
            "url": {
              "raw": "{{baseUrl}}/wallet",
              "host": [
                "{{baseUrl}}"
              ],
              "path": [
                "wallet"
              ]
            }
          }
        },
        {
          "name": "Get NWT Pricing",
          "request": {
            "method": "GET",
            "url": {
              "raw": "{{baseUrl}}/wallet/pricing",
              "host": [
                "{{baseUrl}}"
              ],
              "path": [
                "wallet",
                "pricing"
              ]
            }
          }
        },
        {
          "name": "Connect Solana Wallet",
          "request": {
            "method": "POST",
            "header": [
              {
                "key": "Authorization",
                "value": "Bearer {{authToken}}"
              },
              {
                "key": "Content-Type",
                "value": "application/json"
              }
            ],
            "body": {
              "mode": "raw",
              "raw": "{\n  \"walletAddress\": \"5Gv8mBVKrYfJvWvCKPf8X3J1K7j2mNnH3Q4P5R6S7T8U9\",\n  \"walletType\": \"phantom\"\n}"
            },
            "url": {
              "raw": "{{baseUrl}}/wallet/connect",
              "host": [
                "{{baseUrl}}"
              ],
              "path": [
                "wallet",
                "connect"
              ]
            }
          }
        },
        {
          "name": "Create Payment Link",
          "request": {
            "method": "POST",
            "header": [
              {
                "key": "Authorization",
                "value": "Bearer {{authToken}}"
              },
              {
                "key": "Content-Type",
                "value": "application/json"
              }
            ],
            "body": {
              "mode": "raw",
              "raw": "{\n  \"packageId\": \"package-uuid-here\"\n}"
            },
            "url": {
              "raw": "{{baseUrl}}/wallet/payment-link",
              "host": [
                "{{baseUrl}}"
              ],
              "path": [
                "wallet",
                "payment-link"
              ]
            }
          }
        }
      ]
    }
  ]
}