{
  "openapi": "3.0.0",
  "info": {
    "title": "Nerdwork+ API",
    "description": "API documentation for Nerdwork+ platform",
    "version": "1.0.0",
    "contact": {
      "name": "Nerdwork+ API Support",
      "email": "api-support@nerdwork.com"
    }
  },
  "servers": [
    {
      "url": "https://rjk44eecli.execute-api.eu-west-1.amazonaws.com/dev",
      "description": "Development server (Ireland)"
    }
  ],
  "components": {
    "securitySchemes": {
      "BearerAuth": {
        "type": "http",
        "scheme": "bearer",
        "bearerFormat": "JWT"
      }
    },
    "schemas": {
      "User": {
        "type": "object",
        "properties": {
          "id": {
            "type": "string",
            "format": "uuid"
          },
          "email": {
            "type": "string",
            "format": "email"
          },
          "username": {
            "type": "string"
          },
          "fullName": {
            "type": "string"
          },
          "createdAt": {
            "type": "string",
            "format": "date-time"
          }
        }
      },
      "Wallet": {
        "type": "object",
        "properties": {
          "id": {
            "type": "string",
            "format": "uuid"
          },
          "userId": {
            "type": "string",
            "format": "uuid"
          },
          "nwtBalance": {
            "type": "string"
          },
          "totalEarned": {
            "type": "string"
          },
          "totalSpent": {
            "type": "string"
          },
          "connectedWalletAddress": {
            "type": "string"
          },
          "walletType": {
            "type": "string"
          }
        }
      },
      "Transaction": {
        "type": "object",
        "properties": {
          "id": {
            "type": "string",
            "format": "uuid"
          },
          "type": {
            "type": "string",
            "enum": [
              "purchase",
              "spend",
              "earn"
            ]
          },
          "amount": {
            "type": "string"
          },
          "description": {
            "type": "string"
          },
          "status": {
            "type": "string",
            "enum": [
              "pending",
              "completed",
              "failed"
            ]
          },
          "createdAt": {
            "type": "string",
            "format": "date-time"
          }
        }
      }
    }
  },
  "paths": {
    "/auth/signup": {
      "post": {
        "summary": "Register new user",
        "tags": [
          "Authentication"
        ],
        "requestBody": {
          "required": true,
          "content": {
            "application/json": {
              "schema": {
                "type": "object",
                "required": [
                  "email",
                  "password",
                  "username"
                ],
                "properties": {
                  "email": {
                    "type": "string",
                    "format": "email"
                  },
                  "password": {
                    "type": "string",
                    "minLength": 8
                  },
                  "username": {
                    "type": "string"
                  },
                  "fullName": {
                    "type": "string"
                  }
                }
              }
            }
          }
        },
        "responses": {
          "201": {
            "description": "User registered successfully",
            "content": {
              "application/json": {
                "schema": {
                  "type": "object",
                  "properties": {
                    "success": {
                      "type": "boolean"
                    },
                    "data": {
                      "type": "object",
                      "properties": {
                        "user": {
                          "$ref": "#/components/schemas/User"
                        },
                        "token": {
                          "type": "string"
                        }
                      }
                    },
                    "message": {
                      "type": "string"
                    }
                  }
                }
              }
            }
          }
        }
      }
    },
    "/wallet": {
      "get": {
        "summary": "Get user wallet",
        "tags": [
          "Wallet"
        ],
        "security": [
          {
            "BearerAuth": []
          }
        ],
        "responses": {
          "200": {
            "description": "Wallet retrieved successfully",
            "content": {
              "application/json": {
                "schema": {
                  "type": "object",
                  "properties": {
                    "success": {
                      "type": "boolean"
                    },
                    "data": {
                      "$ref": "#/components/schemas/Wallet"
                    },
                    "message": {
                      "type": "string"
                    }
                  }
                }
              }
            }
          }
        }
      }
    }
  }
}